cell,lang,regime,seed,n_params,tokens_seen,final_eval_loss,final_eval_ppl,final_eval_bpc,bpc_factor,elapsed_s,tokens_per_sec,train_tokens_available,val_tokens_available
ar_baseline_s1,ar,baseline,,47953920,640000000,4.360001192092896,78.25722771291386,1.1456358523503098,0.2627604447512501,25636.3,24964.6,151473732,900550
ar_baseline_s2,ar,baseline,,47953920,640000000,4.346771354675293,77.22871583750543,1.1421595743864739,0.2627604447512501,25634.5,24966.3,151473732,900550
ar_baseline_s3,ar,baseline,,47953920,640000000,4.344363965988159,77.0430199114958,1.1415270078643536,0.2627604447512501,25821.7,24785.3,151473732,900550
ar_baseline_s4,ar,baseline,,47953920,640000000,4.361830005645752,78.40047653933641,1.1461163922128255,0.2627604447512501,25620.1,24980.4,151473732,900550
ar_morph_s1,ar,morph,,70680576,640000000,4.277167301177979,72.03609415977749,1.1238703823330298,0.2627604447512501,31230.5,20492.8,151473732,900550
ar_morph_s2,ar,morph,,70680576,640000000,4.272955961227417,71.73336357667957,1.1227638087746215,0.2627604447512501,31222.3,20498.2,151473732,900550
ar_morph_s3,ar,morph,,70680576,640000000,4.2851112174987795,72.61062184244474,1.12595772931855,0.2627604447512501,31223.9,20497.1,151473732,900550
ar_morph_s4,ar,morph,,70680576,640000000,4.284042644500732,72.53307353296628,1.125676950602334,0.2627604447512501,31214.0,20503.6,151473732,900550
ar_shuf_s1,ar,morph,,70680576,640000000,4.438561611175537,84.65309000118081,1.1662784230083092,0.2627604447512501,31230.6,20492.7,151473732,900550
ar_shuf_s2,ar,morph,,70680576,640000000,4.4344135284423825,84.30266926979338,1.1651884709444806,0.2627604447512501,31209.0,20506.9,151473732,900550
ar_shuf_s3,ar,morph,,70680576,640000000,4.448707962036133,85.51638218023614,1.1689444826730417,0.2627604447512501,31213.2,20504.2,151473732,900550
ar_shuf_s4,ar,morph,,70680576,640000000,4.451629629135132,85.76659792604397,1.1697121812193898,0.2627604447512501,31216.9,20501.7,151473732,900550
